{"cameraMode":{"drawMode":0,"name":"Shaded","section":"Shading Mode"},"sceneLighting":false,"audioPlay":false,"sceneViewState":{"m_AlwaysRefresh":false,"showFog":true,"showSkybox":false,"showFlares":true,"showImageEffects":true,"showParticleSystems":true,"showVisualEffectGraphs":true,"m_FxEnabled":true},"in2DMode":false,"pivot":{"x":0.40711843967437746,"y":1.0664920806884766,"z":0.19460272789001466},"rotation":{"x":-0.023633060976862909,"y":-0.9503577947616577,"z":0.07457467913627625,"w":-0.3011741638183594},"size":1.3717772960662842,"orthographic":false}